{
    "load_raw_data_last_modified": 1765129355.7733297,
    "election_dates_last_modified": 1765052688.9370306,
    "load_donorlist_data_last_modified": 1765129400.236557
}