{
    "load_raw_data_last_modified": 1742293765.2003348,
    "election_dates_last_modified": 1741554308.1927361,
    "load_donorlist_data_last_modified": 1742293773.8580825
}