{
    "load_raw_data_last_modified": 1765104401.7030835,
    "election_dates_last_modified": 1765052688.9370306,
    "load_donorlist_data_last_modified": 1765104407.016888
}