{
    "load_raw_data_last_modified": 1741181244.7779672,
    "election_dates_last_modified": 1740757862.6744745,
    "load_donorlist_data_last_modified": 1741181249.6606314
}