{
    "load_raw_data_last_modified": 1741196745.7335439,
    "election_dates_last_modified": 1740757862.6744745,
    "load_donorlist_data_last_modified": 1741196750.060429
}