{
    "load_raw_data_last_modified": 1742316362.4613266,
    "election_dates_last_modified": 1742302580.790989,
    "load_donorlist_data_last_modified": 1742316368.0185144
}