{
  "load_raw_data_last_modified": 1742271254.2789834,
  "election_dates_last_modified": 1741554308.1927361,
  "load_donorlist_data_last_modified": 1742271259.2526753
}
