{
    "load_raw_data_last_modified": 1741217537.0428698,
    "election_dates_last_modified": 1740757862.6744745,
    "load_donorlist_data_last_modified": 1741217544.5328152
}