{
    "load_raw_data_last_modified": 1742374694.2565663,
    "election_dates_last_modified": 1742302580.790989,
    "load_donorlist_data_last_modified": 1742374699.0449262
}