{
    "load_raw_data_last_modified": 1741252161.432878,
    "election_dates_last_modified": 1741252096.5157416,
    "load_donorlist_data_last_modified": 1741252165.335863
}