{
    "load_raw_data_last_modified": 1741274718.3584645,
    "election_dates_last_modified": 1741252096.5157416,
    "load_donorlist_data_last_modified": 1741270120.543527
}