{
    "load_raw_data_last_modified": 1768568880.3901923,
    "election_dates_last_modified": 1765052688.9370306,
    "load_donorlist_data_last_modified": 1768568919.5813015
}