{
    "load_raw_data_last_modified": 1741429793.1680703,
    "election_dates_last_modified": 1741360882.2347145,
    "load_donorlist_data_last_modified": 1741429796.5930333
}