{
    "load_raw_data_last_modified": 1742454870.2288,
    "election_dates_last_modified": 1742302580.790989,
    "load_donorlist_data_last_modified": 1742454874.7505753
}