{
    "load_raw_data_last_modified": 1765115968.0711062,
    "election_dates_last_modified": 1765052688.9370306,
    "load_donorlist_data_last_modified": 1765115974.4907992
}