{
    "load_raw_data_last_modified": 1742287825.3483596,
    "election_dates_last_modified": 1741554308.1927361,
    "load_donorlist_data_last_modified": 1742287830.5428355
}