{
    "load_raw_data_last_modified": 1741529443.9496682,
    "election_dates_last_modified": 1741521516.7875266,
    "load_donorlist_data_last_modified": 1741529448.8199716
}