{
    "load_raw_data_last_modified": 1741392562.029966,
    "election_dates_last_modified": 1741360882.2347145,
    "load_donorlist_data_last_modified": 1741392566.387903
}