{
    "load_raw_data_last_modified": 1741385789.9018688,
    "election_dates_last_modified": 1741360882.2347145,
    "load_donorlist_data_last_modified": 1741385794.226341
}