{
    "load_raw_data_last_modified": 1741250006.5704553,
    "election_dates_last_modified": 1740757862.6744745,
    "load_donorlist_data_last_modified": 1741250010.9454336
}