{
    "load_raw_data_last_modified": 1742269159.1089158,
    "election_dates_last_modified": 1741554308.1927361,
    "load_donorlist_data_last_modified": 1742269164.96285
}