{
    "load_raw_data_last_modified": 1769774510.1556323,
    "cleaned_donations_last_modified": 1769805971.0984437,
    "cleaned_data_last_modified": 1769805975.1573672,
    "load_donorlist_data_last_modified": 1769806059.378659
}