{
  "load_raw_data_last_modified": 1742287007.2476792,
  "election_dates_last_modified": 1741521516.7875266,
  "load_donorlist_data_last_modified": 1742287011.9717185
}
