{
    "load_raw_data_last_modified": 1765281983.7453706,
    "election_dates_last_modified": 1765052688.9370306,
    "load_donorlist_data_last_modified": 1765282031.1232426
}