{
    "load_raw_data_last_modified": 1741249833.8663335,
    "election_dates_last_modified": 1740757862.6744745,
    "load_donorlist_data_last_modified": 1741249837.670239
}