{
    "load_raw_data_last_modified": 1765049531.0368502,
    "election_dates_last_modified": 1764258050.1666462,
    "load_donorlist_data_last_modified": 1765049537.1535938
}