{
    "load_raw_data_last_modified": 1764262146.9782012,
    "election_dates_last_modified": 1764258050.1666462,
    "load_donorlist_data_last_modified": 1764262152.6382878
}