{
    "load_raw_data_last_modified": 1741386469.342337,
    "election_dates_last_modified": 1741360882.2347145,
    "load_donorlist_data_last_modified": 1741386473.8001592
}