{
    "load_raw_data_last_modified": 1742756532.321281,
    "election_dates_last_modified": 1742302580.790989,
    "load_donorlist_data_last_modified": 1742756536.6774058
}