{
    "load_raw_data_last_modified": 1741253458.1098685,
    "election_dates_last_modified": 1741252096.5157416,
    "load_donorlist_data_last_modified": 1741253462.0976696
}