{
    "load_raw_data_last_modified": 1741367577.6513274,
    "election_dates_last_modified": 1741360882.2347145,
    "load_donorlist_data_last_modified": 1741367582.7997549
}