{
    "load_raw_data_last_modified": 1769774510.1556323,
    "election_dates_last_modified": 1765052688.9370306,
    "load_donorlist_data_last_modified": 1769718453.1764421
}