{
    "load_raw_data_last_modified": 1751202479.814509,
    "election_dates_last_modified": 1751198608.732264,
    "load_donorlist_data_last_modified": 1751202486.1127963
}