{
    "load_raw_data_last_modified": 1741255673.2347603,
    "election_dates_last_modified": 1741252096.5157416,
    "load_donorlist_data_last_modified": 1741255677.690135
}